{
  "v": "5.7.1",
  "fr": 60,
  "ip": 0,
  "op": 180,
  "w": 800,
  "h": 600,
  "nm": "Tech Animation",
  "ddd": 0,
  "assets": [],
  "layers": [
    {
      "ddd": 0,
      "ind": 1,
      "ty": 4,
      "nm": "Circle",
      "sr": 1,
      "ks": {
        "o": {
          "a": 1,
          "k": [
            {
              "i": { "x": [0.833], "y": [0.833] },
              "o": { "x": [0.167], "y": [0.167] },
              "t": 0,
              "s": [100]
            },
            {
              "t": 90,
              "s": [50]
            },
            {
              "t": 180,
              "s": [100]
            }
          ]
        },
        "r": {
          "a": 1,
          "k": [
            {
              "i": { "x": [0.833], "y": [0.833] },
              "o": { "x": [0.167], "y": [0.167] },
              "t": 0,
              "s": [0]
            },
            {
              "t": 180,
              "s": [360]
            }
          ]
        },
        "p": {
          "a": 0,
          "k": [400, 300]
        },
        "a": {
          "a": 0,
          "k": [0, 0]
        },
        "s": {
          "a": 1,
          "k": [
            {
              "i": { "x": [0.833], "y": [0.833] },
              "o": { "x": [0.167], "y": [0.167] },
              "t": 0,
              "s": [100, 100]
            },
            {
              "t": 90,
              "s": [120, 120]
            },
            {
              "t": 180,
              "s": [100, 100]
            }
          ]
        }
      },
      "shapes": [
        {
          "ty": "gr",
          "it": [
            {
              "d": 1,
              "ty": "el",
              "s": { "a": 0, "k": [200, 200] },
              "p": { "a": 0, "k": [0, 0] }
            },
            {
              "ty": "st",
              "c": { "a": 0, "k": [0.2, 0.4, 1, 1] },
              "o": { "a": 0, "k": 100 },
              "w": { "a": 0, "k": 20 }
            },
            {
              "ty": "tr",
              "p": { "a": 0, "k": [0, 0] },
              "a": { "a": 0, "k": [0, 0] },
              "s": { "a": 0, "k": [100, 100] },
              "r": { "a": 0, "k": 0 },
              "o": { "a": 0, "k": 100 }
            }
          ]
        }
      ]
    }
  ]
}